{
  "test_accuracy": 0.832619845867157,
  "test_loss": 0.5242869853973389,
  "best_hyperparameters": {
    "lstm_units_1": 256,
    "lstm_units_2": 256,
    "lstm_units_3": 128,
    "dropout_lstm": 0.4,
    "dropout_dense": 0.5,
    "dense_units": 256,
    "learning_rate": 0.001,
    "batch_size": 128
  },
  "timestamp": "20251123_114547"
}